Geography,CreditScore
France,649.6683286796969
Germany,651.4535671582304
Spain,651.3338716188938
